number,hash,parent_hash,nonce,sha3_uncles,logs_bloom,transactions_root,state_root,receipts_root,miner,difficulty,total_difficulty,size,extra_data,gas_limit,gas_used,timestamp,transaction_count,base_fee_per_gas
1773,0x780311f8f34de75a20cbec488dc2286b1ca2f0809a300ee5dc60d3c26dc0a90b,0xa325de04ed19a344490191c3641922cb83255884547a44114f97d0ad52038021,0x0000000000000000,0x1dcc4de8dec75d7aab85b567b6ccd41ad312451b948a7413f0a142fd40d49347,0x00000000000000000000000000000000000000000000000000000000000000000000000000000000000000000000000000000000000000000000000000000000000000000000000000000000000000000000000000000000000000000000000000000000000000000000000000000000000000000000000000000000000000000000000000000000000000000000000000000000000000000000000000000000000000000000000000000000000000000000000000000000000000000000000000000000000000000000000000000000000000000000000000000000000000000000000000000000000000000000000000000000000000000000000000000000,0x90a3ec783cd6bc652971e14d44b2c04a6b4ae273689d60ac4df814bc94b44718,0x96f02c4f1309daee29e8c91bbcc2624221030e3ef7fafe841cf93ca67d51c354,0x382562066847c05f1fb46d631835b1f7196771490b0fdc8221d9fad01d1e405a,0x0000000000000000000000000000000000000000,0,0,1000,0x,6721975,168286,1632129549,1,
1774,0x1eb4198ee70cba87b467f50e3b4511cc98cea1bee21f6fee2ab2c5d1b476fcaf,0x780311f8f34de75a20cbec488dc2286b1ca2f0809a300ee5dc60d3c26dc0a90b,0x0000000000000000,0x1dcc4de8dec75d7aab85b567b6ccd41ad312451b948a7413f0a142fd40d49347,0x00000000000000000000000000000000000000000000000000000000000000000000000000000000000000000000000000000000000000000000000000000000000000000000000000000000000000000000000000000000000000000000000000000000000000000000000000000000000000000000000000000000000000000000000000000000000000000000000000000000000000000000000000000000000000000000000000000000000000000000000000000000000000000000000000000000000000000000000000000000000000000000000000000000000000000000000000000000000000000000000000000000000000000000000000000000,0xbf4593a9d3bd9715849388117ee7f8092389d633f7dca41e93dec59371963882,0x6e04d2315491c2b934c85fe2ea0fca298d03c5b2022f4cf017320f33394277ba,0xc7602659a8b7d799fe8c927bab754a05d546d3ca6ed08f75d2bc8cd6c34ba81a,0x0000000000000000000000000000000000000000,0,0,1000,0x,6721975,42279,1632129549,1,
1775,0x3febd7d42f42c721f58bd05af8f50d5c4289039a14e8fc94a7c09787ff9f60bf,0x1eb4198ee70cba87b467f50e3b4511cc98cea1bee21f6fee2ab2c5d1b476fcaf,0x0000000000000000,0x1dcc4de8dec75d7aab85b567b6ccd41ad312451b948a7413f0a142fd40d49347,0x00000000000000000000000000000000000000000000000000000000000000000000000000000000000000000000000000000000000010000000000000000000000000000000000000000000000000000000000000000000000000080000000040000000000000000000000000000000000000000000000000000000000000000000000000000000000000000000000000000000000000000000000000000000000000000000000000000000000000000000000000400000000000000000000000000000000000001000000000000000000000000010000000000000000000000000000000000000000000000000000000000000000000000000000000000000,0x9b862330c36a400c072bb250e87e53831ef6faf04b6df64a93792bd1699626bd,0x1ab710304574e240e4956ffc803db524505ac4a7e6b1720d610a9a2f904123ae,0x4efaf1b77428d153c3aaee2afe98879e95e34765d90c963464f1b28fc95beb32,0x0000000000000000000000000000000000000000,0,0,1000,0x,6721975,906155,1632129550,1,
1776,0xb8b6146b449e3da7ab528bc984ab866bc0bfcdfd9b938b2c05c9f48a94d3df46,0x3febd7d42f42c721f58bd05af8f50d5c4289039a14e8fc94a7c09787ff9f60bf,0x0000000000000000,0x1dcc4de8dec75d7aab85b567b6ccd41ad312451b948a7413f0a142fd40d49347,0x00000000000000000000000000000000000000000000000000000000000000000000000000000000000000000000000000000000000000000000000000000000000000000000000000000000000000000000000000000000000000000000000000000000000000000000000000000000000000000000000000000000000000000000000000000000000000000000000000000000000000000000000000000000000000000000000000000000000000000000000000000000000000000000000000000000000000000000000000000000000000000000000000000000000000000000000000000000000000000000000000000000000000000000000000000000,0x689bb2c6426038e361edbc785f48b5971cd197df1656241f4800ab9d6f31cc0d,0x1e8511dc2a4d142f0b2a449c361b6f7f3caddeaf35fab0b9156f335d8e69405d,0xa9c8365f363cbf8d899a881e7c960613608e557a230397f443ca925363b7df90,0x0000000000000000000000000000000000000000,0,0,1000,0x,6721975,27279,1632129550,1,
1777,0x6268c280f03b073008c0fbca65327f6807a84ae531ba2279244e8c3eaccad003,0xb8b6146b449e3da7ab528bc984ab866bc0bfcdfd9b938b2c05c9f48a94d3df46,0x0000000000000000,0x1dcc4de8dec75d7aab85b567b6ccd41ad312451b948a7413f0a142fd40d49347,0x00000000000000000000000000000000000000000000000000000000000000000000000000000000000000000000000000000000000000000000000000000000000000000000000000000000000000000000000000000000000000000000000000000000000000000000000000000000000000000000000000000000000000000000000000000000000000000000000000000000000000000000000000000000000000000000000000000000000000000000000000000000000000000000000000000000000000000000000000000000000000000000000000000000000000000000000000000000000000000000000000000000000000000000000000000000,0x0f37996bef8d52eef9f1304e917caee8bb79387132e700b65472522dfc049ee3,0xa89af49982f9437fe28afc3be35f2737d70ad6e0772668c1d0c49f774fbab3de,0xfa4a36c209aeaa35214fd995e1c3692863c78ef3c529b4dae4454f79caeac557,0x0000000000000000000000000000000000000000,0,0,1000,0x,6721975,43403,1632129648,1,
1778,0x7b51a9af14aaeaa395a53b1d80cd9c0fe18611f53e0eb5278f6b04281a27a6ba,0x6268c280f03b073008c0fbca65327f6807a84ae531ba2279244e8c3eaccad003,0x0000000000000000,0x1dcc4de8dec75d7aab85b567b6ccd41ad312451b948a7413f0a142fd40d49347,0x00000000000000000000000000000000000000000000000000000000000000000000000000000000000000000000000000000000000000000000000000000000000000000000000000000000000000000000000000000000000000000000000000000000000000000000000000000000000000000000000000000000000000000000000000000000000000000000000000000000000000000000000000000000000000000000000000000000000000000000000000000000000000000000000000000000000000000000000000000000000000000000000000000000000000000000000000000000000000000000000000000000000000000000000000000000,0xb05c9abae366f1b88f115c8215d0efd6cd04532fd67b0df8b9c6fe07859e3f67,0xba66cafbdf9392855304a13a14c7e2ee242b7ce76db741d88727ca41bfb68d81,0x24da812dad7f4f429faff70198043fba36d74a209b0a983e283371ff3b5d3ab6,0x0000000000000000000000000000000000000000,0,0,1000,0x,6721975,68961,1632130040,1,
1779,0xf5806bef6ef71301a4dedac47f33d555faa9861f03ec21bebc800438d1f42e22,0x7b51a9af14aaeaa395a53b1d80cd9c0fe18611f53e0eb5278f6b04281a27a6ba,0x0000000000000000,0x1dcc4de8dec75d7aab85b567b6ccd41ad312451b948a7413f0a142fd40d49347,0x00000000000000000000000000000000000000000000000000000000000000000000000000000000000000000000000000000000000010000000000000000000000000000000000000000000000000000000000000000000000000080000000040000000000000000000000000000000000000000000000000000000000000000000000000000000000000000000000000000000000000000000000000000000000000000000000000000000000000000000000000400000000000000000000000000000000000001000000000000000000000000010000000000000000000000000000000000000000000000000000000000000000000000000000000000000,0xb92bfbaa9de00161adfb2c9269f33ffc0b3265e0161b77328d685d338e518790,0x4f348e12a28474e377d7482576fbbfe93d99c98dd76138d702006b925faa6814,0xf61286073841ace367907569f7556386e81fbda65606ba5cc7af6c54c6070fb2,0x0000000000000000000000000000000000000000,0,0,1000,0x,6721975,220320,1632203855,1,
1780,0xab47c92f0fa63e193056cfcc01f6191bf0aac12bad18254c0185bb8e4878e6cc,0xf5806bef6ef71301a4dedac47f33d555faa9861f03ec21bebc800438d1f42e22,0x0000000000000000,0x1dcc4de8dec75d7aab85b567b6ccd41ad312451b948a7413f0a142fd40d49347,0x00000000000000000000000000000000000000000000000000000000000000000000000000000000000000000000000000000000000010000000000000000000000000000000000000000000000000000000000000000000000000080000000040000000000000000000000000000000000000000000000000000000000000000000000000000000000000000000000000000000000000000000000000000000000000000000000000000000000000000000000000400000000000000000000000000000000000001000000000000000000000000010000000000000000000000000000000000000000000000000000000000000000000000000000000000000,0x8344c3bcefadd49b17c7766255b6e2ade4f2a4abef482241d6fef82903870747,0xcfafbd947b19f0fb721f74c695409a01d29e82c22cfe274758f9c6f2f47c5f9b,0x998aa48485599ffdd36ea75171fba256cc280062b2189694d5f2a17179025629,0x0000000000000000000000000000000000000000,0,0,1000,0x,6721975,220332,1632205524,1,
1781,0x735f0105f524e80d8610db52dafb8b34d9109d7925bebc4b4d366f70932b0e1d,0xab47c92f0fa63e193056cfcc01f6191bf0aac12bad18254c0185bb8e4878e6cc,0x0000000000000000,0x1dcc4de8dec75d7aab85b567b6ccd41ad312451b948a7413f0a142fd40d49347,0x00000000000000000000000000000000000000000000000000000000000000000000000000000000000000000000000000000000000000000000000000000000000000000000000000000000000000000000000000000000000000000000000000000000000000000000000000000000000000000000000000000000000000000000000000000000000000000000000000000000000000000000000000000000000000000000000000000000000000000000000000000000000000000000000000000000000000000000000000000000000000000000000000000000000000000000000000000000000000000000000000000000000000000000000000000000,0xee51ddd0a5f752e0197a9eb1b6cc20e596dc5e70991f4df53fd4aab66892e876,0x8161310f16fbc66aa8974bcef49e7f3b65bbc5115822191ea73ec52fca9453b1,0x382562066847c05f1fb46d631835b1f7196771490b0fdc8221d9fad01d1e405a,0x0000000000000000000000000000000000000000,0,0,1000,0x,6721975,168286,1632802684,1,
1782,0xbab5494db9e867d1a3493b162a3c086780361fd61bd21e4a44e252c5e3d4a9be,0x735f0105f524e80d8610db52dafb8b34d9109d7925bebc4b4d366f70932b0e1d,0x0000000000000000,0x1dcc4de8dec75d7aab85b567b6ccd41ad312451b948a7413f0a142fd40d49347,0x00000000000000000000000000000000000000000000000000000000000000000000000000000000000000000000000000000000000000000000000000000000000000000000000000000000000000000000000000000000000000000000000000000000000000000000000000000000000000000000000000000000000000000000000000000000000000000000000000000000000000000000000000000000000000000000000000000000000000000000000000000000000000000000000000000000000000000000000000000000000000000000000000000000000000000000000000000000000000000000000000000000000000000000000000000000,0x150d2160511071f1e0bf0ce72a3c5b4872d1f66b295bf0e8814ef7ed4d4c7916,0xb3a354a1e4029586f764f9067792cb54745cc1a69cf0b687bc133c355f5ff447,0xc7602659a8b7d799fe8c927bab754a05d546d3ca6ed08f75d2bc8cd6c34ba81a,0x0000000000000000000000000000000000000000,0,0,1000,0x,6721975,42279,1632802684,1,
1783,0x045937a71bebdffc4e4e2fad1402a3351a82c6a02da9f47a0037c86f462bafb4,0xbab5494db9e867d1a3493b162a3c086780361fd61bd21e4a44e252c5e3d4a9be,0x0000000000000000,0x1dcc4de8dec75d7aab85b567b6ccd41ad312451b948a7413f0a142fd40d49347,0x00000000000000000000000000000000000000000000000000000000000000000000000000000000000000000000000000000000000000000000000000000000000000000000000000000000000000000000000000000040000000000000000000000000000000000000000000000000000000000000000000000000000000000000820000000000000000000000000000000000000000000000000000000000000000000000000000000000000000000000000000400000000000000000000000000000000000001000000000000000000000000010000000000000000000000000000000000000000000000000000000000000000000000000000000000000,0x892e5a405b95a079898088ef9602e4d799082eedae11242cc623222fa4ad4809,0x2f0ed41675fa6e4979c898fcf2bb88b8e59c6c9f916489db1e4c4340d91f3714,0x06a040e362b65fc683afddc7be0e728aae6a3b45b176c205eb76fdb6ec8defb2,0x0000000000000000000000000000000000000000,0,0,1000,0x,6721975,906155,1632802686,1,
1784,0x60ba6bbcdad162ce623e0da6c9b2ae24c1eba49e3c48e4d25a59d17b4bc5660c,0x045937a71bebdffc4e4e2fad1402a3351a82c6a02da9f47a0037c86f462bafb4,0x0000000000000000,0x1dcc4de8dec75d7aab85b567b6ccd41ad312451b948a7413f0a142fd40d49347,0x00000000000000000000000000000000000000000000000000000000000000000000000000000000000000000000000000000000000000000000000000000000000000000000000000000000000000000000000000000000000000000000000000000000000000000000000000000000000000000000000000000000000000000000000000000000000000000000000000000000000000000000000000000000000000000000000000000000000000000000000000000000000000000000000000000000000000000000000000000000000000000000000000000000000000000000000000000000000000000000000000000000000000000000000000000000,0x36c55eee452d0d0c08353675caf245f175e4ab384c52117226aeccab73bb82a5,0x81e2d010fe11413c617ab00832ab9b44c6d57611be7dbbb0f7f0625afb9fc7b9,0xa9c8365f363cbf8d899a881e7c960613608e557a230397f443ca925363b7df90,0x0000000000000000000000000000000000000000,0,0,1000,0x,6721975,27279,1632802686,1,
