hash,nonce,block_hash,block_number,transaction_index,from_address,to_address,value,gas,gas_price,input,block_timestamp,max_fee_per_gas,max_priority_fee_per_gas,transaction_type
0x038914b05baacf26d9ff3726acf410cb2cde76fd4fe26dc30b9a7d720e72cc0d,5628,0x8d634f9103276805c090625a27534c5608b792920d678785ae4fc09313f8a396,6438,0,0x4f9f21f34b158c019d2d070818bccbe1fb5dcfd3,0x53f10682fd87ab7cc41c4701db41eb6bb0bbf522,0,124788,206404321000,0xd17e06d9000000000000000000000000000000000000000000000000000000000000002d0000000000000000000000000000000000000000000000000000000000000120000000000000000000000000000000000000000000000000000000000000016000000000000000000000000000000000000000000000000000000000000001c000000000000000000000000000000000000000000000000000000000000000010000000000000000000000000000000000000000000000000000000000000005000000000000000000000000000000000000000000000000000000000000000300000000000000000000000000000000000000000000000000000000000002000000000000000000000000000000000000000000000000000000000000000240000000000000000000000000000000000000000000000000000000000000001332322f31302f323032312031343a33393a303400000000000000000000000000000000000000000000000000000000000000000000000000000000000000002553656e64204d736720746f204d51545420546f706963204354492f53656e736f72732f34350000000000000000000000000000000000000000000000000000000000000000000000000000000000000000000000000000000000000000000006537461746963000000000000000000000000000000000000000000000000000000000000000000000000000000000000000000000000000000000000000000092d33372e3732353433000000000000000000000000000000000000000000000000000000000000000000000000000000000000000000000000000000000000083134352e30353134000000000000000000000000000000000000000000000000,1634874065,,,
0x4e266692946e1771b50c1237f9dc008ca915596558a1ee45bffd673d78b21d03,5629,0xafbee9aeaea341fd5593284f4b67e05c7d9cf570d37f102b79a927cd08ff5645,6439,0,0x4f9f21f34b158c019d2d070818bccbe1fb5dcfd3,0x53f10682fd87ab7cc41c4701db41eb6bb0bbf522,0,124788,206404321000,0xd17e06d9000000000000000000000000000000000000000000000000000000000000002f0000000000000000000000000000000000000000000000000000000000000120000000000000000000000000000000000000000000000000000000000000016000000000000000000000000000000000000000000000000000000000000001c000000000000000000000000000000000000000000000000000000000000000010000000000000000000000000000000000000000000000000000000000000002000000000000000000000000000000000000000000000000000000000000000200000000000000000000000000000000000000000000000000000000000002000000000000000000000000000000000000000000000000000000000000000240000000000000000000000000000000000000000000000000000000000000001332322f31302f323032312031343a33393a303900000000000000000000000000000000000000000000000000000000000000000000000000000000000000002553656e64204d736720746f204d51545420546f706963204354492f53656e736f72732f34370000000000000000000000000000000000000000000000000000000000000000000000000000000000000000000000000000000000000000000006537461746963000000000000000000000000000000000000000000000000000000000000000000000000000000000000000000000000000000000000000000092d33372e3732353433000000000000000000000000000000000000000000000000000000000000000000000000000000000000000000000000000000000000083134352e30353134000000000000000000000000000000000000000000000000,1634874069,,,
0x941a3d6a0098faa7b1885eeab9def6c7a4ad34ac1904e2669cb552225d1697f7,5630,0x3699be1569c5a29d7e46d9eaed6cb6bdc09a88bcee67a1ec8cf7d237ab72a8a6,6440,0,0x4f9f21f34b158c019d2d070818bccbe1fb5dcfd3,0x53f10682fd87ab7cc41c4701db41eb6bb0bbf522,0,124788,206404321000,0xd17e06d9000000000000000000000000000000000000000000000000000000000000002e0000000000000000000000000000000000000000000000000000000000000120000000000000000000000000000000000000000000000000000000000000016000000000000000000000000000000000000000000000000000000000000001c000000000000000000000000000000000000000000000000000000000000000010000000000000000000000000000000000000000000000000000000000000004000000000000000000000000000000000000000000000000000000000000000100000000000000000000000000000000000000000000000000000000000002000000000000000000000000000000000000000000000000000000000000000240000000000000000000000000000000000000000000000000000000000000001332322f31302f323032312031343a33393a313500000000000000000000000000000000000000000000000000000000000000000000000000000000000000002553656e64204d736720746f204d51545420546f706963204354492f53656e736f72732f34360000000000000000000000000000000000000000000000000000000000000000000000000000000000000000000000000000000000000000000006537461746963000000000000000000000000000000000000000000000000000000000000000000000000000000000000000000000000000000000000000000092d33372e3732353433000000000000000000000000000000000000000000000000000000000000000000000000000000000000000000000000000000000000083134352e30353134000000000000000000000000000000000000000000000000,1634874072,,,
0x59e391fa14720360301d4140b0fef644bc53abc9180a4edbac6f6446113d909a,5631,0xd8ae72f1728858a8cdb39a9f1875072cafbe1b78f4ba1a059a214767f0081038,6441,0,0x4f9f21f34b158c019d2d070818bccbe1fb5dcfd3,0x53f10682fd87ab7cc41c4701db41eb6bb0bbf522,0,124788,206404321000,0xd17e06d900000000000000000000000000000000000000000000000000000000000000300000000000000000000000000000000000000000000000000000000000000120000000000000000000000000000000000000000000000000000000000000016000000000000000000000000000000000000000000000000000000000000001c000000000000000000000000000000000000000000000000000000000000000010000000000000000000000000000000000000000000000000000000000000005000000000000000000000000000000000000000000000000000000000000000300000000000000000000000000000000000000000000000000000000000002000000000000000000000000000000000000000000000000000000000000000240000000000000000000000000000000000000000000000000000000000000001332322f31302f323032312031343a33393a313500000000000000000000000000000000000000000000000000000000000000000000000000000000000000002553656e64204d736720746f204d51545420546f706963204354492f53656e736f72732f34380000000000000000000000000000000000000000000000000000000000000000000000000000000000000000000000000000000000000000000006537461746963000000000000000000000000000000000000000000000000000000000000000000000000000000000000000000000000000000000000000000092d33372e3732353433000000000000000000000000000000000000000000000000000000000000000000000000000000000000000000000000000000000000083134352e30353134000000000000000000000000000000000000000000000000,1634874076,,,
0x7e348c3cef7caadb4963d5fa45c23e25e7c2ebe602e3ac9d6fbd7a4c25b3040a,5632,0xfca70d3875dbc06b9d13a3f15751c0ab4f8d02d3ac49aa5d3ac5ffd99ede07e4,6442,0,0x4f9f21f34b158c019d2d070818bccbe1fb5dcfd3,0x53f10682fd87ab7cc41c4701db41eb6bb0bbf522,0,124776,206404321000,0xd17e06d900000000000000000000000000000000000000000000000000000000000000310000000000000000000000000000000000000000000000000000000000000120000000000000000000000000000000000000000000000000000000000000016000000000000000000000000000000000000000000000000000000000000001c000000000000000000000000000000000000000000000000000000000000000000000000000000000000000000000000000000000000000000000000000000004000000000000000000000000000000000000000000000000000000000000000200000000000000000000000000000000000000000000000000000000000002000000000000000000000000000000000000000000000000000000000000000240000000000000000000000000000000000000000000000000000000000000001332322f31302f323032312031343a33393a303400000000000000000000000000000000000000000000000000000000000000000000000000000000000000002553656e64204d736720746f204d51545420546f706963204354492f53656e736f72732f34390000000000000000000000000000000000000000000000000000000000000000000000000000000000000000000000000000000000000000000006537461746963000000000000000000000000000000000000000000000000000000000000000000000000000000000000000000000000000000000000000000092d33372e3732353433000000000000000000000000000000000000000000000000000000000000000000000000000000000000000000000000000000000000083134352e30353134000000000000000000000000000000000000000000000000,1634874080,,,
0xe19cf2be13cfe488935932065b19e6be33f6223a0c61b2e5d1f93aa7a2983e5b,5633,0x564cf52c1da9f31f1ab3163fb9bb750818c4fd475d21659d072cc10a1e7b95f9,6443,0,0x4f9f21f34b158c019d2d070818bccbe1fb5dcfd3,0x53f10682fd87ab7cc41c4701db41eb6bb0bbf522,0,124824,206404321000,0xd17e06d900000000000000000000000000000000000000000000000000000000000000320000000000000000000000000000000000000000000000000000000000000120000000000000000000000000000000000000000000000000000000000000016000000000000000000000000000000000000000000000000000000000000001c000000000000000000000000000000000000000000000000000000000000000390000000000000000000000000000000000000000000000000000000000000023000000000000000000000000000000000000000000000000000000000000000a00000000000000000000000000000000000000000000000000000000000002000000000000000000000000000000000000000000000000000000000000000240000000000000000000000000000000000000000000000000000000000000001332322f31302f323032312031343a33383a353600000000000000000000000000000000000000000000000000000000000000000000000000000000000000002553656e64204d736720746f204d51545420546f706963204354492f53656e736f72732f3530000000000000000000000000000000000000000000000000000000000000000000000000000000000000000000000000000000000000000000000756656869636c6500000000000000000000000000000000000000000000000000000000000000000000000000000000000000000000000000000000000000000a2d33372e3732323036350000000000000000000000000000000000000000000000000000000000000000000000000000000000000000000000000000000000093134352e30353031310000000000000000000000000000000000000000000000,1634874084,,,
0xef55386f27f7b056b84f32c0246c293b0e79be8c6acef328a87d0bbd4e82f85c,5634,0x980ef08da4bc53ad04016b31046019ab47ad424ee809562ec749cdc70db3a1e8,6444,0,0x4f9f21f34b158c019d2d070818bccbe1fb5dcfd3,0x53f10682fd87ab7cc41c4701db41eb6bb0bbf522,0,124824,206404321000,0xd17e06d900000000000000000000000000000000000000000000000000000000000000330000000000000000000000000000000000000000000000000000000000000120000000000000000000000000000000000000000000000000000000000000016000000000000000000000000000000000000000000000000000000000000001c0000000000000000000000000000000000000000000000000000000000000003d0000000000000000000000000000000000000000000000000000000000000023000000000000000000000000000000000000000000000000000000000000000300000000000000000000000000000000000000000000000000000000000002000000000000000000000000000000000000000000000000000000000000000240000000000000000000000000000000000000000000000000000000000000001332322f31302f323032312031343a33383a353700000000000000000000000000000000000000000000000000000000000000000000000000000000000000002553656e64204d736720746f204d51545420546f706963204354492f53656e736f72732f3531000000000000000000000000000000000000000000000000000000000000000000000000000000000000000000000000000000000000000000000756656869636c6500000000000000000000000000000000000000000000000000000000000000000000000000000000000000000000000000000000000000000a2d33372e3732323036350000000000000000000000000000000000000000000000000000000000000000000000000000000000000000000000000000000000093134352e30353031310000000000000000000000000000000000000000000000,1634874088,,,
0x4ae8137e514eee1ee68df73e5b5d5d995ec46c888e722801af21db75ed16cd72,5635,0xc27af0464d4a5ebc307c318ce17fdb0773c020e690cab972aac1e56dc5333c28,6445,0,0x4f9f21f34b158c019d2d070818bccbe1fb5dcfd3,0x53f10682fd87ab7cc41c4701db41eb6bb0bbf522,0,124824,206404321000,0xd17e06d900000000000000000000000000000000000000000000000000000000000000340000000000000000000000000000000000000000000000000000000000000120000000000000000000000000000000000000000000000000000000000000016000000000000000000000000000000000000000000000000000000000000001c0000000000000000000000000000000000000000000000000000000000000003a0000000000000000000000000000000000000000000000000000000000000021000000000000000000000000000000000000000000000000000000000000000700000000000000000000000000000000000000000000000000000000000002000000000000000000000000000000000000000000000000000000000000000240000000000000000000000000000000000000000000000000000000000000001332322f31302f323032312031343a33393a303000000000000000000000000000000000000000000000000000000000000000000000000000000000000000002553656e64204d736720746f204d51545420546f706963204354492f53656e736f72732f3532000000000000000000000000000000000000000000000000000000000000000000000000000000000000000000000000000000000000000000000756656869636c6500000000000000000000000000000000000000000000000000000000000000000000000000000000000000000000000000000000000000000a2d33372e3732323035370000000000000000000000000000000000000000000000000000000000000000000000000000000000000000000000000000000000093134352e30353031330000000000000000000000000000000000000000000000,1634874092,,,
0xd61e640bba8f949856407497ce62e5fc7984edf3ecea6cf381ae65ba0d823f27,5636,0x017f0ce805e0e7d60efd706fcc05de1ac5f9eeecf6a80e954cb0051d5135eb5f,6446,0,0x4f9f21f34b158c019d2d070818bccbe1fb5dcfd3,0x53f10682fd87ab7cc41c4701db41eb6bb0bbf522,0,124812,206404321000,0xd17e06d900000000000000000000000000000000000000000000000000000000000000350000000000000000000000000000000000000000000000000000000000000120000000000000000000000000000000000000000000000000000000000000016000000000000000000000000000000000000000000000000000000000000001c000000000000000000000000000000000000000000000000000000000000000410000000000000000000000000000000000000000000000000000000000000020000000000000000000000000000000000000000000000000000000000000000000000000000000000000000000000000000000000000000000000000000002000000000000000000000000000000000000000000000000000000000000000240000000000000000000000000000000000000000000000000000000000000001332322f31302f323032312031343a33393a303100000000000000000000000000000000000000000000000000000000000000000000000000000000000000002553656e64204d736720746f204d51545420546f706963204354492f53656e736f72732f3533000000000000000000000000000000000000000000000000000000000000000000000000000000000000000000000000000000000000000000000756656869636c6500000000000000000000000000000000000000000000000000000000000000000000000000000000000000000000000000000000000000000a2d33372e3732323035340000000000000000000000000000000000000000000000000000000000000000000000000000000000000000000000000000000000093134352e30353031340000000000000000000000000000000000000000000000,1634874096,,,
0xedb45c05783d4507803a00c29651de108c027e333b1858b99c1fc79d45d0537f,5637,0xcba2df220fabfac34c11e3dd0e9e13ee20467e1a90c73708d7ed86289f711523,6447,0,0x4f9f21f34b158c019d2d070818bccbe1fb5dcfd3,0x53f10682fd87ab7cc41c4701db41eb6bb0bbf522,0,124812,206404321000,0xd17e06d900000000000000000000000000000000000000000000000000000000000000360000000000000000000000000000000000000000000000000000000000000120000000000000000000000000000000000000000000000000000000000000016000000000000000000000000000000000000000000000000000000000000001c000000000000000000000000000000000000000000000000000000000000000400000000000000000000000000000000000000000000000000000000000000023000000000000000000000000000000000000000000000000000000000000000000000000000000000000000000000000000000000000000000000000000002000000000000000000000000000000000000000000000000000000000000000240000000000000000000000000000000000000000000000000000000000000001332322f31302f323032312031343a33383a353900000000000000000000000000000000000000000000000000000000000000000000000000000000000000002553656e64204d736720746f204d51545420546f706963204354492f53656e736f72732f3534000000000000000000000000000000000000000000000000000000000000000000000000000000000000000000000000000000000000000000000756656869636c6500000000000000000000000000000000000000000000000000000000000000000000000000000000000000000000000000000000000000000a2d33372e3732323036350000000000000000000000000000000000000000000000000000000000000000000000000000000000000000000000000000000000093134352e30353031310000000000000000000000000000000000000000000000,1634874100,,,
0x04d1c834866f3206cdd590ee20321b3afa3e10a0af1a0e681fff7f0cb09bbaf5,5638,0xb9d3be2d002aaf3ae0f000a3c7894fab4432e53627ac5bab79e13f5a4ad4f4ce,6448,0,0x4f9f21f34b158c019d2d070818bccbe1fb5dcfd3,0x53f10682fd87ab7cc41c4701db41eb6bb0bbf522,0,124824,206404321000,0xd17e06d900000000000000000000000000000000000000000000000000000000000000370000000000000000000000000000000000000000000000000000000000000120000000000000000000000000000000000000000000000000000000000000016000000000000000000000000000000000000000000000000000000000000001c000000000000000000000000000000000000000000000000000000000000000410000000000000000000000000000000000000000000000000000000000000020000000000000000000000000000000000000000000000000000000000000000700000000000000000000000000000000000000000000000000000000000002000000000000000000000000000000000000000000000000000000000000000240000000000000000000000000000000000000000000000000000000000000001332322f31302f323032312031343a33383a353500000000000000000000000000000000000000000000000000000000000000000000000000000000000000002553656e64204d736720746f204d51545420546f706963204354492f53656e736f72732f3535000000000000000000000000000000000000000000000000000000000000000000000000000000000000000000000000000000000000000000000756656869636c6500000000000000000000000000000000000000000000000000000000000000000000000000000000000000000000000000000000000000000a2d33372e3732323035340000000000000000000000000000000000000000000000000000000000000000000000000000000000000000000000000000000000093134352e30353031340000000000000000000000000000000000000000000000,1634874104,,,
0x12ca8c5693d60bdab98a46d0ca47654e63435b058e3081df0e6d1fb41a3962f4,5639,0xe4a535f3a17a4aca2a9e32ab743dee40857dff5ddd1606c1a62abde850649dba,6449,0,0x4f9f21f34b158c019d2d070818bccbe1fb5dcfd3,0x53f10682fd87ab7cc41c4701db41eb6bb0bbf522,0,124824,206404321000,0xd17e06d900000000000000000000000000000000000000000000000000000000000000380000000000000000000000000000000000000000000000000000000000000120000000000000000000000000000000000000000000000000000000000000016000000000000000000000000000000000000000000000000000000000000001c0000000000000000000000000000000000000000000000000000000000000003c0000000000000000000000000000000000000000000000000000000000000020000000000000000000000000000000000000000000000000000000000000000200000000000000000000000000000000000000000000000000000000000002000000000000000000000000000000000000000000000000000000000000000240000000000000000000000000000000000000000000000000000000000000001332322f31302f323032312031343a33383a353600000000000000000000000000000000000000000000000000000000000000000000000000000000000000002553656e64204d736720746f204d51545420546f706963204354492f53656e736f72732f3536000000000000000000000000000000000000000000000000000000000000000000000000000000000000000000000000000000000000000000000756656869636c6500000000000000000000000000000000000000000000000000000000000000000000000000000000000000000000000000000000000000000a2d33372e3732323035340000000000000000000000000000000000000000000000000000000000000000000000000000000000000000000000000000000000093134352e30353031340000000000000000000000000000000000000000000000,1634874107,,,
0xf77d5b0dea3da2190b70030e5e99a2b4d1086a20d7f6c7186533907a295721a6,5640,0xd535f7619afc9a0d87b3469482d3b71f5e2a20a7f80495d82ac0c83c4a3af950,6450,0,0x4f9f21f34b158c019d2d070818bccbe1fb5dcfd3,0x53f10682fd87ab7cc41c4701db41eb6bb0bbf522,0,124824,206404321000,0xd17e06d900000000000000000000000000000000000000000000000000000000000000390000000000000000000000000000000000000000000000000000000000000120000000000000000000000000000000000000000000000000000000000000016000000000000000000000000000000000000000000000000000000000000001c0000000000000000000000000000000000000000000000000000000000000003a0000000000000000000000000000000000000000000000000000000000000020000000000000000000000000000000000000000000000000000000000000000500000000000000000000000000000000000000000000000000000000000002000000000000000000000000000000000000000000000000000000000000000240000000000000000000000000000000000000000000000000000000000000001332322f31302f323032312031343a33393a303100000000000000000000000000000000000000000000000000000000000000000000000000000000000000002553656e64204d736720746f204d51545420546f706963204354492f53656e736f72732f3537000000000000000000000000000000000000000000000000000000000000000000000000000000000000000000000000000000000000000000000756656869636c6500000000000000000000000000000000000000000000000000000000000000000000000000000000000000000000000000000000000000000a2d33372e3732323035340000000000000000000000000000000000000000000000000000000000000000000000000000000000000000000000000000000000093134352e30353031340000000000000000000000000000000000000000000000,1634874111,,,
0x5afe064427aaa5e473312afc071227031fd2b8c84995a200284b604b02235215,5641,0x05138a3a85a04045db17e187033a3070de73c6fde974bca6b14444858babcb81,6451,0,0x4f9f21f34b158c019d2d070818bccbe1fb5dcfd3,0x53f10682fd87ab7cc41c4701db41eb6bb0bbf522,0,124824,206404321000,0xd17e06d9000000000000000000000000000000000000000000000000000000000000003a0000000000000000000000000000000000000000000000000000000000000120000000000000000000000000000000000000000000000000000000000000016000000000000000000000000000000000000000000000000000000000000001c000000000000000000000000000000000000000000000000000000000000000370000000000000000000000000000000000000000000000000000000000000020000000000000000000000000000000000000000000000000000000000000000900000000000000000000000000000000000000000000000000000000000002000000000000000000000000000000000000000000000000000000000000000240000000000000000000000000000000000000000000000000000000000000001332322f31302f323032312031343a33383a353700000000000000000000000000000000000000000000000000000000000000000000000000000000000000002553656e64204d736720746f204d51545420546f706963204354492f53656e736f72732f3538000000000000000000000000000000000000000000000000000000000000000000000000000000000000000000000000000000000000000000000756656869636c6500000000000000000000000000000000000000000000000000000000000000000000000000000000000000000000000000000000000000000a2d33372e3732323035340000000000000000000000000000000000000000000000000000000000000000000000000000000000000000000000000000000000093134352e30353031340000000000000000000000000000000000000000000000,1634874115,,,
0xaf0e24ac7387cca26fba01ba45f8c45fe64d3d5708fdb11e2b1c41e8674eaa15,5642,0xe979340442b60f5b6b2e9f419b445ca5b2296d80c08b1eb14c16ce431f57d393,6452,0,0x4f9f21f34b158c019d2d070818bccbe1fb5dcfd3,0x53f10682fd87ab7cc41c4701db41eb6bb0bbf522,0,124824,206404321000,0xd17e06d9000000000000000000000000000000000000000000000000000000000000003b0000000000000000000000000000000000000000000000000000000000000120000000000000000000000000000000000000000000000000000000000000016000000000000000000000000000000000000000000000000000000000000001c0000000000000000000000000000000000000000000000000000000000000003d0000000000000000000000000000000000000000000000000000000000000023000000000000000000000000000000000000000000000000000000000000000700000000000000000000000000000000000000000000000000000000000002000000000000000000000000000000000000000000000000000000000000000240000000000000000000000000000000000000000000000000000000000000001332322f31302f323032312031343a33383a353500000000000000000000000000000000000000000000000000000000000000000000000000000000000000002553656e64204d736720746f204d51545420546f706963204354492f53656e736f72732f3539000000000000000000000000000000000000000000000000000000000000000000000000000000000000000000000000000000000000000000000756656869636c6500000000000000000000000000000000000000000000000000000000000000000000000000000000000000000000000000000000000000000a2d33372e3732323036350000000000000000000000000000000000000000000000000000000000000000000000000000000000000000000000000000000000093134352e30353031310000000000000000000000000000000000000000000000,1634874119,,,
0x81ca66799a36aa58ebc11142206bae9e0a93a20c9b388968f99ebe8d26a683fa,5643,0xa72357a4a50847f82a38867d2275046aa3cba2f9a4a329ca9d76a3480305b0a6,6453,0,0x4f9f21f34b158c019d2d070818bccbe1fb5dcfd3,0x53f10682fd87ab7cc41c4701db41eb6bb0bbf522,0,124824,206404321000,0xd17e06d9000000000000000000000000000000000000000000000000000000000000003c0000000000000000000000000000000000000000000000000000000000000120000000000000000000000000000000000000000000000000000000000000016000000000000000000000000000000000000000000000000000000000000001c000000000000000000000000000000000000000000000000000000000000000410000000000000000000000000000000000000000000000000000000000000020000000000000000000000000000000000000000000000000000000000000000900000000000000000000000000000000000000000000000000000000000002000000000000000000000000000000000000000000000000000000000000000240000000000000000000000000000000000000000000000000000000000000001332322f31302f323032312031343a33383a353800000000000000000000000000000000000000000000000000000000000000000000000000000000000000002553656e64204d736720746f204d51545420546f706963204354492f53656e736f72732f3630000000000000000000000000000000000000000000000000000000000000000000000000000000000000000000000000000000000000000000000756656869636c6500000000000000000000000000000000000000000000000000000000000000000000000000000000000000000000000000000000000000000a2d33372e3732323035340000000000000000000000000000000000000000000000000000000000000000000000000000000000000000000000000000000000093134352e30353031340000000000000000000000000000000000000000000000,1634874123,,,
